note_id,type,title,desc,video_url,time,last_update_time,user_id,nickname,avatar,liked_count,collected_count,comment_count,share_count,ip_location,image_list,tag_list,last_modify_ts,note_url,source_keyword,xsec_token
669dbcb20000000025006f4e,normal,豆包后续会变付费吗？,"[微笑R]最近有个人工智能app出现在我的眼皮底下，然后下载了试着了解了一下，还不错，不像那种死板的人工智障，里面的内容全部都是免费的
那么问题来了，他会不会像某剪某映一样，一开始功能全部免费使用到后来的要开通vip使用部分功能，我问了豆包回复：并将迈入付费商业化阶段，后续有可能根据实际情况调整
使用起来雀食方便，一问及答，现在免费的用习惯了，到时候付费付不起就痛苦了[失望R][失望R]
#豆包app[话题]# #人工智能[话题]# #AI人工智能[话题]# #豆包[话题]# #AI[话题]#",,1721613490000,1721613612000,60291d450000000001003ebb,momo,https://sns-avatar-qc.xhscdn.com/avatar/6048ba2c7d74ef430bd46da2.jpg,149,45,48,14,,"http://sns-webpic-qc.xhscdn.com/202603091745/3f61615134e49a5a4d67571e55a142c1/1040g2sg315hngstjgqd05o193l2g8flr15l9sr0!nd_dft_wlteh_jpg_3,http://sns-webpic-qc.xhscdn.com/202603091745/e67f6b361cbeee78cd8a8b40c512594a/1040g2sg315hngstjgqcg5o193l2g8flr2uu9f8o!nd_dft_wlteh_jpg_3,http://sns-webpic-qc.xhscdn.com/202603091745/5841c225a910d961e1a722dcd8072511/1040g2sg315hngstjgqdg5o193l2g8flr6kp1a38!nd_dft_wlteh_jpg_3,http://sns-webpic-qc.xhscdn.com/202603091745/bf41c28c9d898061fdfa723a6e19394a/1040g2sg315hngstjgqc05o193l2g8flr1kl1308!nd_dft_wlteh_jpg_3,http://sns-webpic-qc.xhscdn.com/202603091745/d239fd6a4f8577717b4f22e5553b4551/1040g2sg315hngstjgqb05o193l2g8flrkv4nli0!nd_dft_wlteh_jpg_3","豆包app,人工智能,AI人工智能,豆包,AI",1773049527161,https://www.xiaohongshu.com/explore/669dbcb20000000025006f4e?xsec_token=ABzHkz_LviaqgXH6JobYX2r0rkltkZ43leCQJbE3Z9KJo=&xsec_source=pc_search,豆包收费,ABzHkz_LviaqgXH6JobYX2r0rkltkZ43leCQJbE3Z9KJo=
68e522eb00000000030348c2,normal,豆包收费的原因找到了,突然发现豆包在漂亮这边使用还要收费，但是在中国是不收费的，刚才问了ChatGPT终于找到原因了，分享给有同样疑问的小伙伴#豆包[话题]#,,1759847147000,1759847147000,5fa4978a00000000010040ae,AI 炼金狸花猫,https://sns-avatar-qc.xhscdn.com/avatar/1040g2jo31t1o59va620g5nt4iu508g5e94beopg,16,,,6,,http://sns-webpic-qc.xhscdn.com/202603091745/595604146f1fe84e409e78f2d2c1368a/notes_pre_post/1040g3k831nbdgqghl81g5nt4iu508g5ec0i29e8!nd_dft_wlteh_webp_3,豆包,1773049527165,https://www.xiaohongshu.com/explore/68e522eb00000000030348c2?xsec_token=ABU9bp2KDqZK2pHF6i413SEyGnjwyoCZ48bmoaF9q0fTM=&xsec_source=pc_search,豆包收费,ABU9bp2KDqZK2pHF6i413SEyGnjwyoCZ48bmoaF9q0fTM=
6955f2c3000000001e01605c,normal,豆包手机后续Ai服务或将要收费,#豆包[话题]##豆包手机[话题]#,,1767240387000,1767240387000,6146b95b000000001f03463b,耶耶好学笔记,https://sns-avatar-qc.xhscdn.com/avatar/1040g2jo319mni6hp7i505oa6n5dnuhhrpv2rcuo,148,34,62,10,,http://sns-webpic-qc.xhscdn.com/202603091745/e820ffd85a6d4ac29e07787936041da1/notes_pre_post/1040g3k031qpk42rsn26g5oa6n5dnuhhr89qnaco!nd_dft_wlteh_webp_3,"豆包,豆包手机",1773049527168,https://www.xiaohongshu.com/explore/6955f2c3000000001e01605c?xsec_token=ABkSZLvu-RwGJth5XW373H7vGhs5BIXO0l53ux9uJDAWg=&xsec_source=pc_search,豆包收费,ABkSZLvu-RwGJth5XW373H7vGhs5BIXO0l53ux9uJDAWg=
67fa7037000000001c03cd70,normal,豆包，我讨厌你,豆包，我讨厌你！差不多调整好PPT想要导出的时候才发现需要会员[抽泣R][抽泣R],,1744465975000,1744465976000,65ab4924000000000e026aaa,沦湖,https://sns-avatar-qc.xhscdn.com/avatar/1040g2jo31csnt57vgk605pdb94i3kqlaua68ljo,67,6,7,13,,http://sns-webpic-qc.xhscdn.com/202603091745/5051455e06cd25c6c24bd2f874bdb5dc/1040g2sg31g68catvi0905pdb94i3kqlad7af46g!nd_dft_wgth_webp_3,,1773049527170,https://www.xiaohongshu.com/explore/67fa7037000000001c03cd70?xsec_token=ABbBbIe7BrwKzVCrjlbm0_SSfRXBJSxHcOJ43I2lf0mLE=&xsec_source=pc_search,豆包收费,ABbBbIe7BrwKzVCrjlbm0_SSfRXBJSxHcOJ43I2lf0mLE=
69717a6e000000000d009a28,normal,"为什么作为开山祖师的gpt是收费的
而deepseek和豆包
是完全免费的？
#互联网大厂[话题]# #大模型[话题]# #AI工具[话题]# #ai[话题]#","为什么作为开山祖师的gpt是收费的
而deepseek和豆包
是完全免费的？
#互联网大厂[话题]# #大模型[话题]# #AI工具[话题]# #ai[话题]#",,1769044590000,1769044591000,68b1d72e000000001a027d9a,商刊在线,https://sns-avatar-qc.xhscdn.com/avatar/1040g2jo31qtm8re27g605q5hqsn6kvcq6c8cp0g,51,26,574,6,,http://sns-webpic-qc.xhscdn.com/202603091745/d8ac82c8e87fec410c144303554f3a9c/1040g2sg31rkgcdg0iakg5q5hqsn6kvcqd93bfc0!nd_dft_wlteh_webp_3,"互联网大厂,大模型,AI工具,ai",1773049527172,https://www.xiaohongshu.com/explore/69717a6e000000000d009a28?xsec_token=ABigmiB4iQ3TyLYqErV7EZlG6sFJSznZQP77kUvgeYcsc=&xsec_source=pc_search,豆包收费,ABigmiB4iQ3TyLYqErV7EZlG6sFJSznZQP77kUvgeYcsc=
699338d1000000001d010a9d,video,关于豆包收费,#豆包[话题]# #2026春晚[话题]#,http://sns-video-alos.xhscdn.com/stream/79/110/259/01e99338b145c992010370039c671619e0_259.mp4,1771256017000,1771256018000,66fa6d95000000001d0314a5,你的大叔,https://sns-avatar-qc.xhscdn.com/avatar/1040g2jo31jokt1ef2o6g5pnqdmane555vc4i8gg,1,,,,四川,http://sns-webpic-qc.xhscdn.com/202603091745/ccc46ee35ecf8b70e17f5ea866000b07/1040g00831slet7ec5s6g5pnqdmane5551si2i8g!nd_dft_wlteh_webp_3,"豆包,2026春晚",1773049527174,https://www.xiaohongshu.com/explore/699338d1000000001d010a9d?xsec_token=ABlW_R9f7xrN0sUaRK9SI_UWQrl48h-5HfQXRuxG2hvO0=&xsec_source=pc_search,豆包收费,ABlW_R9f7xrN0sUaRK9SI_UWQrl48h-5HfQXRuxG2hvO0=
694b32ad000000001e020f52,normal,我已经离不开豆包了,"工作中用过好几个AI，可能我给它灌输了很多东西，它是有记忆的，总体干得很好，而且它的算力真的厉害，从来没有“忙”过。
不过也提醒一下同行，千万不要把稿子直接喂给它，喂了可能就进它的库了。
现在工作生活时不时会问一下豆包，没想到不到一年真的改变了生活。它可别收费，穷编辑付不起，收费就要分手了[笑哭R][笑哭R][笑哭R]#出版[话题]# #编辑日常[话题]# #行业交流[话题]# #豆包[话题]# #ai[话题]# #ai工具[话题]#",,1766535853000,1766535854000,57048c471c07df622d6a4d78,不孤独的观星人,https://sns-avatar-qc.xhscdn.com/avatar/5c47173c3802d90001424664.jpg,5,,2,,,http://sns-webpic-qc.xhscdn.com/202603091745/843ebfcd5a2a797b6151bc5ee39d14d8/1040g2sg31qf40tt97oe047nhop64ejbo1fn5f0g!nd_dft_wlteh_webp_3,"出版,编辑日常,行业交流,豆包,ai,ai工具",1773049527177,https://www.xiaohongshu.com/explore/694b32ad000000001e020f52?xsec_token=AB0W4O80jNn8-mrQgH0JsPcD7kuUFwKy70qZE-0qGrSmo=&xsec_source=pc_search,豆包收费,AB0W4O80jNn8-mrQgH0JsPcD7kuUFwKy70qZE-0qGrSmo=
697993aa0000000022023781,normal,感谢豆包把我连续扣费两年的会员费要回来了,"偶然在账单发现自己莫名有个25块的扣费，一翻才知道已经连续扣费一年10个月，一共是550大洋‼️天塌了
1️⃣联系了账单里面的“联系商家”，我强调了【自己根本不知情，每个月都是莫名扣费的，而且我根本没使用这个软件了】，客服表示我签了免密支付并且自动扣费，我态度强硬表示必须退款。客服说“只可以退一年”
，我说“先把一年的退我，其他的我再看看”
2️⃣我提问了豆包，豆包说三年之内都可以退的，并给出了上面的详细步骤，我依然是先打电话联系客服，打12315这个我还是放在最后，因为用过的都知道，过程漫长且费劲，有的企业根本不怕的。
跟客服沟通，依然保持态度强硬，“消费者权益和民法典”都要求必须退款，3年都有效，不退款立马投诉315，你的工号多少，我一起投诉。客服说他去沟通一下。等了一分钟后，回复说可以了，并指引我在平台操作。
3️⃣最后提醒大家：在自己的付款软件定时检查是否有自动扣费，路径如下👇🏻
我的——右上角设置——支付设置——自动续费/免密支付
#避坑指南[话题]# #豆包[话题]# #消费者权益[话题]#",,1769575338000,1769575338000,690cc09f000000003700337d,刘亦菲来过,https://sns-avatar-qc.xhscdn.com/avatar/1040g2jo31rsgagck2g005q8co2ftocrtl8ra5ao,21,11,,4,,"http://sns-webpic-qc.xhscdn.com/202603091745/234a097e20d4d607fabf55a64878b675/notes_pre_post/1040g3k031rscn864ia305q8co2ftocrtc0f7lf0!nd_dft_wlteh_webp_3,http://sns-webpic-qc.xhscdn.com/202603091745/29cb47f6439dd963ae71f99305b0498b/notes_pre_post/1040g3k031rscn864ia3g5q8co2ftocrt5724t00!nd_dft_wlteh_webp_3,http://sns-webpic-qc.xhscdn.com/202603091745/62c2e850383135a2551c9b0fd27ae9ee/notes_pre_post/1040g3k031rscn864ia505q8co2ftocrtohbj4pg!nd_dft_wlteh_webp_3,http://sns-webpic-qc.xhscdn.com/202603091745/e284a61e0a4299466f44291e21640b46/notes_pre_post/1040g3k031rscn864ia5g5q8co2ftocrtcev1nf8!nd_dft_wlteh_webp_3,http://sns-webpic-qc.xhscdn.com/202603091745/721352bd172f6016deef036e249ccc07/notes_pre_post/1040g3k031rscn864ia405q8co2ftocrt97jgut0!nd_dft_wlteh_webp_3,http://sns-webpic-qc.xhscdn.com/202603091745/3c0de807e8e97f9d16a7af9a654e7570/notes_pre_post/1040g3k031rscn864ia4g5q8co2ftocrt19b3l90!nd_dft_wlteh_webp_3","避坑指南,豆包,消费者权益",1773049527179,https://www.xiaohongshu.com/explore/697993aa0000000022023781?xsec_token=ABsqbJgF2zfz2lM-9tEVyR2axj7QOGPLPiKziDT-JKLM0=&xsec_source=pc_search,豆包收费,ABsqbJgF2zfz2lM-9tEVyR2axj7QOGPLPiKziDT-JKLM0=
69330151000000001b02415c,normal,不要啊豆包,"今天为了申请新功能内测去复制了uid，在复制的时候发现了图2！
豆包开始显示积分了！！！
我去，该不会要收费了吧！
你可是我们唯一的希望啊，豆包啊！
补药这样啊！！！！！
#askmeanything[话题]# #豆包收费[话题]# #豆包积分系统[话题]# #豆包要积分[话题]##豆包[话题]#",,1764950353000,1764950353000,556f0517c2bdeb527a6f961d,赛博小熊猫Loki,https://sns-avatar-qc.xhscdn.com/avatar/1040g2jo31holl1ce3o0040np732hf5gt4vdgi78,15,8,14,,,"http://sns-webpic-qc.xhscdn.com/202603091745/b45a88b67efc1d957a5b869c8e9739c8/notes_pre_post/1040g3k831pn8vh9r4ga040np732hf5gt48jd840!nd_dft_wlteh_webp_3,http://sns-webpic-qc.xhscdn.com/202603091745/311340886c2a712fd6d3a2832bc35afd/notes_pre_post/1040g3k831pn8vh9r4gag40np732hf5gt5hl8fg8!nd_dft_wlteh_webp_3","askmeanything,豆包收费,豆包积分系统,豆包要积分,豆包",1773049527183,https://www.xiaohongshu.com/explore/69330151000000001b02415c?xsec_token=ABV_R2NQDvWmi-FaRx9an0F8BzXk6Xqrr4DeWZPiuzZXU=&xsec_source=pc_search,豆包收费,ABV_R2NQDvWmi-FaRx9an0F8BzXk6Xqrr4DeWZPiuzZXU=
6872fe420000000024009bfd,normal,大模型费用对比：腾讯元宝最便宜，Grok疯了,#大模型[话题]# #多模态人工智能[话题]# #大模型排名[话题]# #大模型训练[话题]# #人工智能[话题]# #ai[话题]# #腾讯元宝[话题]# #豆包生图[话题]#,,1752366658000,1752366659000,66b23a8e000000001d0320d2,职场杨大叔,https://sns-avatar-qc.xhscdn.com/avatar/1040g2jo318u25re1kc005pli7a77e86ivsu5018,15,16,3,1,,http://sns-webpic-qc.xhscdn.com/202603091745/d579562311b054ad8b4d8fa45a641b5a/notes_pre_post/1040g3k031jrvne892o005pli7a77e86ijutrfkg!nd_dft_wlteh_webp_3,"大模型,多模态人工智能,大模型排名,大模型训练,人工智能,ai,腾讯元宝,豆包生图",1773049527186,https://www.xiaohongshu.com/explore/6872fe420000000024009bfd?xsec_token=ABe8up7znsJr6Zcc1JwdhXXdYV86n309gj0NV5tX2xwUc=&xsec_source=pc_search,豆包收费,ABe8up7znsJr6Zcc1JwdhXXdYV86n309gj0NV5tX2xwUc=
68f849c2000000000400106f,normal,过两年豆包普及率高的时候会要收费充vip吗#豆包[话题]##资本[话题]#,过两年豆包普及率高的时候会要收费充vip吗#豆包[话题]##资本[话题]#,,1761102274000,1761102275000,602916a60000000001001318,liii,https://sns-avatar-qc.xhscdn.com/avatar/1040g2jo31pgh53al3c005o192qj084ood98g0c8,1,,3,,,http://sns-webpic-qc.xhscdn.com/202603091745/3eada5d70942cce85571e5888dfd7cf5/1040g2sg31nu55jg0l8005o192qj084oopr75318!nd_dft_wlteh_webp_3,"豆包,资本",1773049527188,https://www.xiaohongshu.com/explore/68f849c2000000000400106f?xsec_token=ABp7etjSdhrJYgvhln-lhwOTrHDiLH9DFRS-eJkUMsUuw=&xsec_source=pc_search,豆包收费,ABp7etjSdhrJYgvhln-lhwOTrHDiLH9DFRS-eJkUMsUuw=
69a39dc7000000001a029472,normal,豆包流式语音 2.0 怎么这么贵？,,,1772330439000,1772330439000,61c9cae2000000001000f1f2,鹏城笑笑生,https://sns-avatar-qc.xhscdn.com/avatar/61c9cae2000000001000f1f2.jpg,1,,,,美国,"http://sns-webpic-qc.xhscdn.com/202603091745/ee4717578686251603d36b7b72f41f7d/notes_pre_post/1040g3k831t5f18nhls1g5q9u1d2to0i4jsgm8n0!nd_dft_wlteh_webp_3,http://sns-webpic-qc.xhscdn.com/202603091745/05bed87e879a89f51512ce201d2f60cb/notes_pre_post/1040g3k831t5f18nhls205q9u1d2to0i4360erng!nd_dft_wlteh_webp_3,http://sns-webpic-qc.xhscdn.com/202603091745/d2b5379f1e8a5fc6ebec7b39600a8eb4/notes_pre_post/1040g3k831t5f18nhls2g5q9u1d2to0i43sanmg8!nd_dft_wlteh_webp_3",,1773049527190,https://www.xiaohongshu.com/explore/69a39dc7000000001a029472?xsec_token=AB1nnhdArVLJEJdH8MLFjW5etH4OEuNJAzH6cNVqtxURM=&xsec_source=pc_search,豆包收费,AB1nnhdArVLJEJdH8MLFjW5etH4OEuNJAzH6cNVqtxURM=
68e522830000000003020734,normal,豆包在漂亮使用居然要收费,以为是免费#投资[话题]#,,1759847043000,1759847044000,5fa4978a00000000010040ae,AI 炼金狸花猫,https://sns-avatar-qc.xhscdn.com/avatar/1040g2jo31t1o59va620g5nt4iu508g5e94beopg,3,1,2,1,,http://sns-webpic-qc.xhscdn.com/202603091745/76843db3eaf6a3b449f91d9bca19b4b1/notes_pre_post/1040g3k831nbdgqghl8105nt4iu508g5eovhbahg!nd_dft_wlteh_webp_3,投资,1773049527192,https://www.xiaohongshu.com/explore/68e522830000000003020734?xsec_token=ABU9bp2KDqZK2pHF6i413SE5jWegzQQxX0JZTDS9EGc_Y=&xsec_source=pc_search,豆包收费,ABU9bp2KDqZK2pHF6i413SE5jWegzQQxX0JZTDS9EGc_Y=
664476b5000000001e0373bc,video,0.0008元/千Tokens，大模型彻底沦为白菜价,"我现在正在火山引擎原动力大会上，豆包模型家族刚刚正式发布，0.8厘钱每千Toekns的豆包通用模型Pro，比行业价格低了99%，关键是效果还很惊艳。。。
	
#人工智能[话题]#  #AIGC[话题]#  #豆包大模型[话题]#  #火山引擎[话题]#  #豆包[话题]#  #玩儿个很新的东西[话题]#  #AI资讯[话题]#  #科技改变生活[话题]#  #大数据推给需要的人[话题]#  #aigc一步之遥[话题]#  #豆包APP[话题]#  #声音克隆[话题]#  #软件分享[话题]#",http://sns-video-alos.xhscdn.com/stream/110/259/01e64476b50d7677010370038f7b736232_259.mp4,1715762869000,1715762869000,5c2d79f4000000000503e40e,赛文乔伊,https://sns-avatar-qc.xhscdn.com/avatar/1040g2jo314cfnp7l68005n1df7q1fp0eboul580,201,130,12,64,,http://sns-webpic-qc.xhscdn.com/202603091745/6733912f0fa481d7675f9430738d9f62/spectrum/1040g34o312qhmmc6js005n1df7q1fp0esrc3dm8!nd_dft_wlteh_webp_3,"人工智能,AIGC,豆包大模型,火山引擎,豆包,玩儿个很新的东西,AI资讯,科技改变生活,大数据推给需要的人,aigc一步之遥,豆包APP,声音克隆,软件分享",1773049527194,https://www.xiaohongshu.com/explore/664476b5000000001e0373bc?xsec_token=ABBnPd5pYYUeq5LcsyYPasAc8AbsUlBOO1rMMKJT6rn-c=&xsec_source=pc_search,豆包收费,ABBnPd5pYYUeq5LcsyYPasAc8AbsUlBOO1rMMKJT6rn-c=
6937c3e4000000001e02dab2,video,不是不要，是想要的更多,#豆包[话题]# #商业思维[话题]# #商业认知[话题]# #Ai[话题]# #免费[话题]#,http://sns-video-alos.xhscdn.com/stream/79/110/259/01e937c34f60b91e010370039b01d6e6ad_259.mp4,1765262308000,1765262309000,6114726100000000010006b1,小马哥Ai伴学,https://sns-avatar-qc.xhscdn.com/avatar/1040g2jo31f64qufqmi0g5n4m30l4i4isuktaluo,58,27,9,15,,http://sns-webpic-qc.xhscdn.com/202603091745/49fe79086f96bbb6f52aca1588b0d34c/spectrum/1040g34o31ps4qe4kk00g5o8ke9gg81lhv9ne258!nd_dft_wlteh_webp_3,"豆包,商业思维,商业认知,Ai,免费",1773049527197,https://www.xiaohongshu.com/explore/6937c3e4000000001e02dab2?xsec_token=ABzTst2T0GJkzsgRqx7bK7SrRamecebtnjHVpjzveXrmg=&xsec_source=pc_search,豆包收费,ABzTst2T0GJkzsgRqx7bK7SrRamecebtnjHVpjzveXrmg=
681625830000000023014088,normal,Ai工具付费vs免费大比拼！,"最近评论区有人留言，吐槽Ai工具好是好，但要收费，觉得很崩溃！
看来好多小白应该没有找对工具了！
我好明白大家的感受，小数最怕长计嘛[呲牙]毕竟没有收入，学习阶段，就要掏出一笔又一笔的会员费，确实崩溃！
今天整理了6种类常用免费软件给大家了！赶紧下手试试吧！
#AI工具[话题]# #AI画图[话题]# #挑战人工智能[话题]# #AI人工智能[话题]# #AI生成[话题]# #Ai免费工具[话题]#",,1746281859000,1746281860000,640ff532000000001002af61,蓝梦Ai智能体,https://sns-avatar-qc.xhscdn.com/avatar/1040g2jo31j7f2s0b2e5g5p0fukp45br1157oc7o,126,129,7,4,,"http://sns-webpic-qc.xhscdn.com/202603091745/145f1e1175dbf6f82f8b6933f93bb8c7/notes_pre_post/1040g3k031h1a8s6m426g5p0fukp45br1leoj6fo!nd_dft_wlteh_webp_3,http://sns-webpic-qc.xhscdn.com/202603091745/d51532b5b12dfa6a5662217963213504/notes_pre_post/1040g3k031h1a8s92ja5g5p0fukp45br14ppsqv8!nd_dft_wlteh_webp_3,http://sns-webpic-qc.xhscdn.com/202603091745/cf2673efba669f6a76138e9697d3b658/notes_pre_post/1040g3k031h1a8s92ja0g5p0fukp45br1s7tojo8!nd_dft_wlteh_webp_3,http://sns-webpic-qc.xhscdn.com/202603091745/7df20aa58ca4f7a6253b3c960b89813b/notes_pre_post/1040g3k031h1a8s92ja4g5p0fukp45br1be96550!nd_dft_wlteh_webp_3,http://sns-webpic-qc.xhscdn.com/202603091745/d668a2a8c1b72c79b4aae083f763ee52/notes_pre_post/1040g3k031h1a8s92ja005p0fukp45br1gek8sq0!nd_dft_wlteh_webp_3,http://sns-webpic-qc.xhscdn.com/202603091745/c12991bf9d20dec81569491d6d190e44/notes_pre_post/1040g3k031h1a8s6m42605p0fukp45br10hrqdho!nd_dft_wlteh_webp_3","AI工具,AI画图,挑战人工智能,AI人工智能,AI生成,Ai免费工具",1773049527199,https://www.xiaohongshu.com/explore/681625830000000023014088?xsec_token=AB0YxKcI3P-P-5gxUbGGuwAWCwubMblIPMoy1V9eaXCDM=&xsec_source=pc_search,豆包收费,AB0YxKcI3P-P-5gxUbGGuwAWCwubMblIPMoy1V9eaXCDM=
698ddcec000000001b017eed,video,Seedance2.0再次爆发！ 豆包官宣：用户免费用,"Seedance2.0再次爆发！
豆包官宣：用户免费用！#ai[话题]##seedance[话题]##豆包[话题]##ai视频[话题]##视频模型[话题]##人工智能[话题]#",http://sns-video-alos.xhscdn.com/stream/1/110/259/01e98ddcecb7bbc1010370039c522741f0_259.mp4,1770904812000,1770904813000,5fe88335000000000101efe9,讲ai的老程,https://sns-avatar-qc.xhscdn.com/avatar/1040g2jo31pkfbr8t4a0g5nv8gcqgbrv9scgicf0,62,30,6,17,广东,http://sns-webpic-qc.xhscdn.com/202603091745/f51d7040ffee860f42760a5901d14475/1040g00831sg7dfiqlm005nv8gcqgbrv9hnug0bo!nd_dft_wlteh_webp_3,"ai,seedance,豆包,ai视频,视频模型,人工智能",1773049527201,https://www.xiaohongshu.com/explore/698ddcec000000001b017eed?xsec_token=AB5lN41gihPRRp78Yn27saoeSZfyVxMKDW92CJMuwU-TM=&xsec_source=pc_search,豆包收费,AB5lN41gihPRRp78Yn27saoeSZfyVxMKDW92CJMuwU-TM=
6916a09f0000000004004eef,normal,这是什么神仙产品！强烈推荐,"火山豆包大模型1.6，新客专享优惠！19.9元抵扣1000万tokens，超强推理能力+多模态理解能力，支持GUI操作和前端编程。
有效期3个月，资源包抵扣1.6/thinking/flash。原价70元/1000万tokens，现超值特惠！
感兴趣的朋友欢迎私聊咨询，量大可优惠~",,1763090591000,1763090592000,567c0016cb35fb3ed1042048,张想想,https://sns-avatar-qc.xhscdn.com/avatar/1040g2jo30u3o0qd8l60044o6t801c828uc0g8qg,1,2,6,,,http://sns-webpic-qc.xhscdn.com/202603091745/aa909d9b5da72f357f8ce427a7a9ba33/notes_pre_post/1040g3k031orp9dm2ha1044o6t801c828j4qftf8!nd_dft_wlteh_webp_3,,1773049527203,https://www.xiaohongshu.com/explore/6916a09f0000000004004eef?xsec_token=ABxihz4xMzlLtqrmkLaJ3i1xkMz1l_CEaPg9OybYYTy8s=&xsec_source=pc_search,豆包收费,ABxihz4xMzlLtqrmkLaJ3i1xkMz1l_CEaPg9OybYYTy8s=
6849205f000000002202d89a,normal,我离不开豆包，我要给豆包充钱,我离不开豆包，我要给豆包充钱,,1749622879000,1749622880000,6538ae1e000000000d007f7e,momo,https://sns-avatar-qc.xhscdn.com/avatar/1040g2jo31hr2hsg4ja005p9olof38vrup1lobm0,14,1,22,1,,http://sns-webpic-qc.xhscdn.com/202603091745/5f91b1f2d25387a6038c6a2bcbb4d8a1/1040g00831ij3dm9cni005p9olof38vruie6u9d0!nd_dft_wlteh_webp_3,,1773049527205,https://www.xiaohongshu.com/explore/6849205f000000002202d89a?xsec_token=AB_Dry2DLiqOoRvfiEqpkSULXopagOKyMaKMcdC9MbKiM=&xsec_source=pc_search,豆包收费,AB_Dry2DLiqOoRvfiEqpkSULXopagOKyMaKMcdC9MbKiM=
691f4738000000001e03ac7a,normal,160+200到底多少啊,为啥豆包一个360一个340啊，我到底听安卓还是苹果的#不懂我就问[话题]# #求助[话题]# #安卓[话题]##苹果手机[话题]# #不明白就问[话题]# #发自内心的疑问[话题]# #这对我真的很重要[话题]# #不懂就问系列[话题]# #别太离谱了[话题]# #我不能理解[话题]#,,1763657528000,1763745345000,5db672880000000001001b76,全服,https://sns-avatar-qc.xhscdn.com/avatar/1040g2jo31olvp73dgg005ndmea4086rme25htl8,5,3,4,,,http://sns-webpic-qc.xhscdn.com/202603091745/baf84ed93a6cd94803002cd3b696211a/notes_pre_post/1040g3k031p47kacbiu005ndmea4086rmm27edcg!nd_dft_wlteh_webp_3,"不懂我就问,求助,安卓,苹果手机,不明白就问,发自内心的疑问,这对我真的很重要,不懂就问系列,别太离谱了,我不能理解",1773049527207,https://www.xiaohongshu.com/explore/691f4738000000001e03ac7a?xsec_token=ABXOVJotz8XqXi3AaUoDB5zRQ96BzNQiixUl6kJ8xKnM8=&xsec_source=pc_search,豆包收费,ABXOVJotz8XqXi3AaUoDB5zRQ96BzNQiixUl6kJ8xKnM8=
